Workbook

Sheet Test Summary
A1: Test Summary Report (incremental – formulas update from the other sheets)
A2: HW01 – Huỳnh Thái Toàn – 23120175 – Device: Senko B813 standing fan (2014)
A4: Metric | B4: Value | C4: Target | D4: Status
A5: Test cases designed | B5: =COUNTA('Test Cases'!A5:A19) | C5: 15
A6: Executed (PASS + FAIL) | B6: =COUNTIF('Test Cases'!H5:H19,"PASS")+COUNTIF('Test Cases'!H5:H19,"FAIL") | C6: ≥ 5 | D6: =IF(B6>=5,"OK","Needs ≥ 5 executed")
A7: PASS | B7: =COUNTIF('Test Cases'!H5:H19,"PASS")
A8: FAIL | B8: =COUNTIF('Test Cases'!H5:H19,"FAIL")
A9: BLOCKED | B9: =COUNTIF('Test Cases'!H5:H19,"BLOCKED")
A10: NOT RUN | B10: =COUNTIF('Test Cases'!H5:H19,"NOT RUN")
A11: Execution progress | B11: =IF(B5=0,0,B6/B5)
A12: Pass rate of executed tests | B12: =IF(B6=0,"-",B7/B6)
A13: Videos recorded | B13: =COUNTA('Test Cases'!L5:L19) | C13: ≥ 5 | D13: =IF(B13>=5,"OK","Needs ≥ 5 videos")
A14: Edge cases missed by the AI | B14: =COUNTIF('Test Cases'!J5:J19,"Yes*") | C14: ≥ 3 | D14: =IF(B14>=3,"OK","Needs ≥ 3")
A15: Defects logged | B15: =COUNTA(Defects!A5:A40) | C15: aim ≥ 5 | D15: =IF(B15>=5,"Target met","Below target – do not invent defects")
A16: Checklist items OK | B16: =COUNTIF(Checklist!D5:D24,"OK") | C16: 20
A19: By technique
A20: Technique | B20: Designed | C20: Executed | D20: PASS
A21: BVA | B21: =COUNTIF('Test Cases'!I5:I19,A21) | C21: =COUNTIFS('Test Cases'!I5:I19,A21,'Test Cases'!H5:H19,"PASS")+COUNTIFS('Test Cases'!I5:I19,A21,'Test Cases'!H5:H19,"FAIL") | D21: =COUNTIFS('Test Cases'!I5:I19,A21,'Test Cases'!H5:H19,"PASS")
A22: Decision table | B22: =COUNTIF('Test Cases'!I5:I19,A22) | C22: =COUNTIFS('Test Cases'!I5:I19,A22,'Test Cases'!H5:H19,"PASS")+COUNTIFS('Test Cases'!I5:I19,A22,'Test Cases'!H5:H19,"FAIL") | D22: =COUNTIFS('Test Cases'!I5:I19,A22,'Test Cases'!H5:H19,"PASS")
A23: EP | B23: =COUNTIF('Test Cases'!I5:I19,A23) | C23: =COUNTIFS('Test Cases'!I5:I19,A23,'Test Cases'!H5:H19,"PASS")+COUNTIFS('Test Cases'!I5:I19,A23,'Test Cases'!H5:H19,"FAIL") | D23: =COUNTIFS('Test Cases'!I5:I19,A23,'Test Cases'!H5:H19,"PASS")
A24: Error guessing | B24: =COUNTIF('Test Cases'!I5:I19,A24) | C24: =COUNTIFS('Test Cases'!I5:I19,A24,'Test Cases'!H5:H19,"PASS")+COUNTIFS('Test Cases'!I5:I19,A24,'Test Cases'!H5:H19,"FAIL") | D24: =COUNTIFS('Test Cases'!I5:I19,A24,'Test Cases'!H5:H19,"PASS")
A25: Reliability | B25: =COUNTIF('Test Cases'!I5:I19,A25) | C25: =COUNTIFS('Test Cases'!I5:I19,A25,'Test Cases'!H5:H19,"PASS")+COUNTIFS('Test Cases'!I5:I19,A25,'Test Cases'!H5:H19,"FAIL") | D25: =COUNTIFS('Test Cases'!I5:I19,A25,'Test Cases'!H5:H19,"PASS")
A26: State transition | B26: =COUNTIF('Test Cases'!I5:I19,A26) | C26: =COUNTIFS('Test Cases'!I5:I19,A26,'Test Cases'!H5:H19,"PASS")+COUNTIFS('Test Cases'!I5:I19,A26,'Test Cases'!H5:H19,"FAIL") | D26: =COUNTIFS('Test Cases'!I5:I19,A26,'Test Cases'!H5:H19,"PASS")
A27: Usability | B27: =COUNTIF('Test Cases'!I5:I19,A27) | C27: =COUNTIFS('Test Cases'!I5:I19,A27,'Test Cases'!H5:H19,"PASS")+COUNTIFS('Test Cases'!I5:I19,A27,'Test Cases'!H5:H19,"FAIL") | D27: =COUNTIFS('Test Cases'!I5:I19,A27,'Test Cases'!H5:H19,"PASS")
A29: Conclusion / exit decision
A30: [To be written after execution: which tests failed, open defects, residual risks, recommendation.]

Sheet Test Cases
A1: Test Cases – Senko B813 standing fan
A2: HW01 – Huỳnh Thái Toàn – 23120175 – Device: Senko B813 standing fan (2014) – source: report section 3.5
A4: ID | B4: Objective | C4: Preconditions | D4: Input | E4: Steps | F4: Expected result | G4: Actual result | H4: Verdict | I4: Technique | J4: Edge case (AI-missed) | K4: Executed on (dd/mm/yyyy) | L4: Video link (YouTube Unlisted) | M4: Defect ID / GitHub Issue
A5: TC-01 | B5: Controls are identifiable and labels legible | C5: Fan unplugged | D5: Visual inspection; turn the speed knob through every position | E5: 1. Without the manual, identify the Off, 1, 2, 3 marks and the oscillation knob. 2. Read each mark and the knob pointer from 1 m. 3. Turn the speed knob through every position. | F5: Every position mark and the pointer are readable; each position has a distinct detent (click) so the user can feel where it stops. | G5: NOT RUN | H5: NOT RUN | I5: Usability | J5: No
A6: TC-02 | B6: Lowest speed starts from standstill | C6: Fan plugged in, blades fully stopped for ≥ 5 min, knob at 0 | D6: Knob to 1 | E6: 1. Turn the knob to 1. 2. Start stopwatch. 3. Stop it when blades reach steady rotation. | F6: Blades start unaided (no hand push) and reach steady rotation within 5 s. Start time recorded. | G6: NOT RUN | H6: NOT RUN | I6: BVA | J6: No
A7: TC-03 | B7: Speeds are distinct and increasing | C7: Fan running, oscillation off, paper strip hung 1 m in front of the guard | D7: Knob at 1, 2, 3 | E7: 1. Run 30 s at each speed. 2. Record the strip deflection and the sound level (phone app, 1 m). 3. Repeat once. | F7: Deflection and sound level increase strictly from 1 to 2 to 3. | G7: NOT RUN | H7: NOT RUN | I7: EP | J7: No
A8: TC-04 | B8: Speed transitions in both rotation directions | C8: Fan running at 1 | D8: 1→2→3, then 3→2→1; 1→3 and 3→1 in one continuous turn | E8: 1. Turn step by step up, then down, pausing 10 s at each position. 2. Turn 1→3 and 3→1 in one continuous movement. 3. Observe the speed after each stop. | F8: The speed always matches the position the knob stops at, with no stop, hum or stall during the turn. | G8: NOT RUN | H8: NOT RUN | I8: State transition | J8: No
A9: TC-05 | B9: Off from each speed and coast-down | C9: Fan running | D9: Knob to 0 from 1, 2, 3 | E9: 1. At each speed turn the knob to 0. 2. Time until the blades stop. | F9: The motor is de-energised as soon as the knob reaches 0; the blades coast to a stop; times recorded and longer for higher speeds. | G9: NOT RUN | H9: NOT RUN | I9: State transition | J9: No
A10: TC-06 | B10: Knob left between two detents | C10: Fan at 0 | D10: Knob stopped halfway between 0–1, 1–2, 2–3 | E10: 1. Turn the knob slowly and stop midway between two marks. 2. Release it and observe the knob and the motor for 10 s. | F10: The knob snaps to one of the two marked positions, or the fan runs steadily at one of the two speeds; no intermittent start/stop, hum or stall. | G10: NOT RUN | H10: NOT RUN | I10: Error guessing | J10: Yes
A11: TC-07 | B11: Knob turned beyond its end positions | C11: Fan at 3 | D11: Gentle extra turn past 3; then from 0, gentle turn backwards past 0 | E11: 1. At 3, keep turning gently in the same direction. 2. At 0, turn gently in the opposite direction. 3. Observe the knob and the fan. | F11: The knob behaves as marked on the panel: it either stops firmly at the end mark or moves to the next marked position. It never rests at an unmarked position, and the fan speed always matches the marked position. | G11: NOT RUN | H11: NOT RUN | I11: BVA | J11: Yes
A12: TC-08 | B12: Oscillation on/off, sweep angle and period | C12: Fan at 2, oscillation off, tape marks on the floor for the head direction | D12: Oscillation knob | E12: 1. Toggle oscillation on. 2. Time three full sweeps. 3. Mark both end positions and measure the angle. 4. Toggle off. | F12: Head sweeps smoothly and symmetrically; period consistent across the three sweeps (± 1 s); stops within one sweep after toggling off. Angle and period recorded. | G12: NOT RUN | H12: NOT RUN | I12: State transition | J12: No
A13: TC-09 | B13: Oscillation at each speed | C13: Oscillation on | D13: 1, 2, 3 | E13: 1. Run one full sweep at each speed. 2. Listen for clicking or grinding. | F13: Oscillation continues at every speed with no sticking, stopping or grinding noise. | G13: NOT RUN | H13: NOT RUN | I13: Decision table | J13: No
A14: TC-10 | B14: Oscillation set while the fan is off | C14: Fan at 0, oscillation off | D14: Oscillation knob on, then speed knob to 1 | E14: 1. With the fan off, set oscillation on. 2. Confirm the motor does not start. 3. Turn the speed knob to 1. | F14: Changing the oscillation knob does not start the motor; after turning to 1, the fan runs and oscillates immediately. | G14: NOT RUN | H14: NOT RUN | I14: State transition | J14: Yes
A15: TC-11 | B15: Head held or turned by hand | C15: Fan at 1, hand on the rear motor housing only (never the guard) | D15: Gentle hold for 2 s during oscillation; gentle turn with oscillation off | E15: 1. With oscillation on, hold the head still for 2 s, then release. 2. With oscillation off, turn the head 20° and release. | F15: Step 1: the gear slips without grinding and oscillation resumes after release. Step 2: the head stays at the new position. | G15: NOT RUN | H15: NOT RUN | I15: Error guessing | J15: Yes
A16: TC-12 | B16: Behaviour after power interruption | C16: Fan at 2 | D16: Unplug 10 s, plug in; repeat with knob at 0 | E16: 1. With the knob at 2, unplug and replug. 2. Turn the knob to 0, unplug and replug. | F16: Step 1: the fan restarts at Speed 2 as soon as power returns (the knob stays at 2). Step 2: the fan stays off. | G16: NOT RUN | H16: NOT RUN | I16: Decision table | J16: Yes
... A19: TC-15 | B19: Endurance for 60 min | C19: Clear area, room temperature recorded | D19: 3 + oscillation on, 60 min | E19: 1. Run 60 min. 2. At 0, 30 and 60 min record speed, oscillation, noise, and whether the motor housing and cord can be touched comfortably. | F19: Continuous operation and oscillation; no burning smell or smoke; housing and cord warm but comfortable to touch; noise level stable. | G19: NOT RUN | H19: NOT RUN | I19: Reliability | J19: No

Sheet Checklist
A1: Checklist – before and during execution (checklist-based testing, ISTQB CTFL v4.0.1 §4.4.3)
A2: HW01 – Huỳnh Thái Toàn – 23120175 – Device: Senko B813 standing fan (2014)
A4: # | B4: Area | C4: Check item | D4: Status | E4: Checked on | F4: Notes / evidence
A5: 1 | B5: Safety | C5: Power cord and plug have no cuts, exposed wire or burn marks | D5: NOT CHECKED
A6: 2 | B6: Safety | C6: Front and rear guards are closed and all clips are engaged | D6: NOT CHECKED
A7: 3 | B7: Safety | C7: Blades have no cracks or missing parts | D7: NOT CHECKED
A8: 4 | B8: Safety | C8: Fan stands on a level, dry floor with at least 1 m clear around it | D8: NOT CHECKED
A9: 5 | B9: Safety | C9: Tests on the guard (TC-14) are done with the fan unplugged | D9: NOT CHECKED
A10: 6 | B10: Safety | C10: Hand touches only the rear motor housing, never the guard, while running (TC-11) | D10: NOT CHECKED
A11: 7 | B11: Setup | C11: Speed knob starts at 0 and oscillation is off before each test | D11: NOT CHECKED
A12: 8 | B12: Setup | C12: Blades have been stopped for at least 5 min before TC-02 | D12: NOT CHECKED
A13: 9 | B13: Setup | C13: Room temperature recorded before TC-15 | D13: NOT CHECKED
A14: 10 | B14: Tools | C14: Stopwatch ready (phone) | D14: NOT CHECKED
A15: 11 | B15: Tools | C15: Sound level meter app ready; phone placed 1 m in front of the guard | D15: NOT CHECKED
A16: 12 | B16: Tools | C16: Paper strip hung 1 m in front of the guard (TC-03) | D16: NOT CHECKED
... A24: 20 | B24: Usability | C24: Speed marks 0/1/2/3 and oscillation label readable from 1 m (TC-01) | D24: NOT CHECKED

Sheet Defects
A1: Defect log – mirrored from GitHub Issues
A2: HW01 – Huỳnh Thái Toàn – 23120175 – Device: Senko B813 standing fan (2014)
A4: Defect ID | B4: TC | C4: Summary | D4: Steps to reproduce | E4: Expected | F4: Actual | G4: Severity | H4: Environment | I4: Evidence (video / photo) | J4: GitHub Issue link | K4: Status
